Gene	IUPHAR	Shedding	ebBRET	STRING	Family	Class	PC1	PC2
ADGRG2	Coupled	-	-	-	Adhesion Class GPCRs	classB	-29.8292241464249	-28.256954893591
LGR6	-	-	-	-	NA	classA	-11.1046200023518	18.8907848346512
ADGRD2	Not-coupled	-	-	-	Adhesion Class GPCRs	classB	37.1536111634477	5.41730291734883
GABBR1	Not-coupled	-	-	-	GABA<sub>B</sub> receptors	classC	-28.9155604404518	-28.3938858434603
LGR4	Not-coupled	-	-	-	Class A Orphans	classA	37.0037019897156	5.52221040011045
GABBR2	Not-coupled	-	-	-	GABA<sub>B</sub> receptors	classC	33.3721869485786	-22.1223235857584
GPRC6A	Coupled	-	-	-	Calcium-sensing receptors	classC	37.2726944643633	-16.1478717824843
GRM7	Not-coupled	-	-	-	Metabotropic glutamate receptors	classC	38.2900774055687	-15.3895566324075
GRM4	Not-coupled	-	Not-coupled	-	Metabotropic glutamate receptors	classC	-37.4941227511581	6.85727923572331
ADGRF1	-	-	-	-	NA	classB	36.9280639717978	-15.4673655402915
GRM8	Not-coupled	-	Not-coupled	-	Metabotropic glutamate receptors	classC	-28.6692322986833	-27.6603281773976
LGR5	-	-	-	-	NA	classA	-31.1952926377183	-2.05612582155278
ADGRE1	-	-	-	-	NA	classB	36.2587198606683	-17.7371173272602
GRM3	Not-coupled	-	-	-	Metabotropic glutamate receptors	classC	38.5579856536555	-16.7727979258398
GRM6	Not-coupled	-	Not-coupled	-	Metabotropic glutamate receptors	classC	23.2569266122046	-3.02843158933953
ADGRD1	Not-coupled	-	-	-	Adhesion Class GPCRs	classB	36.5502938057954	-18.3405781630159
GRM2	Not-coupled	-	Not-coupled	-	Metabotropic glutamate receptors	classC	33.7429211701128	-24.4230138557177
TAS1R3	-	-	-	-	NA	classC	34.3276519909516	-23.792550085976
TAS1R1	-	-	-	-	NA	classC	33.6744113561853	-23.1212079415727
TAS1R2	-	-	-	-	NA	classC	-32.1397769046745	-2.02281262330924
ADGRE5	Not-coupled	-	-	-	Adhesion Class GPCRs	classB	-32.0451769827586	-1.41763490264894
ADGRE2	Coupled	-	-	-	Adhesion Class GPCRs	classB	32.0108644434919	9.87788640185501
GPR156	-	-	-	-	NA	classC	-37.2727798573825	5.52464101784939
ADGRG7	-	-	-	-	NA	classB	-6.03169672314813	38.4947231762135
SMO	Not-coupled	-	-	-	Class Frizzled GPCRs	Frizzeled	-32.2836685206627	20.5091205038124
TSHR	Coupled	-	-	-	Glycoprotein hormone receptors	classA	-28.121685499394	-25.2448718908589
RXFP1	Not-coupled	-	-	-	Relaxin family peptide receptors	classA	-27.9897179175003	-25.0207531453839
RXFP2	Not-coupled	-	-	-	Relaxin family peptide receptors	classA	4.96069791354043	24.6013348985403
GPR149	-	-	-	-	NA	classA	-37.7469927562929	8.51874397264443
ADGRF2	-	-	-	-	NA	classB	-4.62213511761443	38.6376557841383
FZD6	Coupled	-	-	-	Class Frizzled GPCRs	Frizzeled	-31.4954381837208	20.6814769322796
LHCGR	Coupled	-	-	-	Glycoprotein hormone receptors	classA	-37.6473805105705	7.84184409049163
ADGRF4	-	-	-	-	NA	classB	-31.6864793058049	19.8735838008972
FSHR	Coupled	-	-	-	Glycoprotein hormone receptors	classA	-12.5432958343499	42.2634483147243
FZD8	Not-coupled	-	-	-	Class Frizzled GPCRs	Frizzeled	8.72488982979498	-35.0621378761909
ADGRG1	Coupled	-	-	-	Adhesion Class GPCRs	classB	-36.8735244853756	3.23059112765459
ADGRL4	-	-	-	-	NA	classB	-3.99006934638681	38.778645735516
FZD3	Not-coupled	-	-	-	Class Frizzled GPCRs	Frizzeled	-36.836253075042	2.44897138148998
ADGRE3	-	-	-	-	NA	classB	-12.0736221530629	40.8405493989762
FZD1	Coupled	-	-	-	Class Frizzled GPCRs	Frizzeled	21.6599980851247	33.0369469887539
GPR50	-	-	-	-	NA	classA	28.5946929970779	2.68225972672418
GPR37	Not-coupled	-	-	-	Class A Orphans	classA	5.44141786762884	27.8053549902411
GPR153	-	-	-	-	NA	classA	9.62141816153738	-33.9059222930384
GPR107	-	-	-	-	NA	Other	-34.8539586088528	-12.5281459000492
PTH1R	Coupled	Not-coupled	Coupled	-	Parathyroid hormone receptors	classB	-9.69753586238607	41.3321653738987
FZD9	Not-coupled	-	-	-	Class Frizzled GPCRs	Frizzeled	16.9188954385035	24.4437005454351
CHRM3	Coupled	Coupled	Coupled	-	Acetylcholine receptors (muscarinic)	classA	5.38901621380779	27.5504037379062
GPR162	-	-	-	-	NA	classA	-8.52773624000323	41.2457968034826
FZD5	Not-coupled	-	-	-	Class Frizzled GPCRs	Frizzeled	-8.51268020603725	39.9577878833266
FZD10	Not-coupled	-	-	-	Class Frizzled GPCRs	Frizzeled	-10.9617030060004	39.7573851772604
FZD7	Not-coupled	-	-	-	Class Frizzled GPCRs	Frizzeled	22.9656832408751	9.18205245062466
ADRA1D	Coupled	Not-coupled	-	-	Adrenoceptors	classA	-10.3397340406752	40.1682246710773
FZD2	Not-coupled	-	-	-	Class Frizzled GPCRs	Frizzeled	0.292217223508277	19.4988707945495
ADGRA1	Not-coupled	-	-	-	Adhesion Class GPCRs	classB	-36.8232703800214	-17.4960320676652
GLP2R	Not-coupled	-	Coupled	-	Glucagon receptor family	classB	-35.4597346298459	-12.498181237743
PTH2R	-	Coupled	-	-	NA	classB	8.04891434853206	-35.9127767163774
ADGRG3	Not-coupled	-	-	-	Adhesion Class GPCRs	classB	8.76472918858817	19.1498752941896
GPR75	Coupled	-	-	-	Class A Orphans	classA	-9.41960292522267	38.9653273581212
FZD4	Not-coupled	-	-	-	Class Frizzled GPCRs	Frizzeled	18.6194604943083	24.2051447697075
CHRM5	Coupled	Coupled	-	-	Acetylcholine receptors (muscarinic)	classA	3.99741615105185	22.9816279742075
GPR161	-	-	-	-	NA	classA	7.77741689573841	-36.2668489706662
ADGRG5	-	-	-	-	NA	classB	27.5233014876064	4.31556350147199
NPFFR2	Not-coupled	Not-coupled	Coupled	-	Neuropeptide FF/neuropeptide AF receptors	classA	-0.272464695474842	15.7398707011955
ADRA1B	Coupled	Not-coupled	-	-	Adrenoceptors	classA	5.29747783008495	21.6532778329274
GPR176	-	-	-	-	NA	classA	20.8772489927351	30.5171430876976
GPR101	Not-coupled	-	-	-	Class A Orphans	classA	21.8163676163788	6.35614179962881
GPR135	-	-	-	-	NA	classA	7.38547443071671	18.523599514458
PTGER4	Not-coupled	Not-coupled	Coupled	-	Prostanoid receptors	classA	18.1013916011241	23.5120926575481
HRH1	Coupled	Coupled	Coupled	-	Histamine receptors	classA	15.701863895347	28.3702703358111
C3AR1	Not-coupled	-	-	-	Complement peptide receptors	classA	-4.79404400615239	14.8408052464576
HTR2B	Coupled	Not-coupled	Coupled	-	5-Hydroxytryptamine receptors	classA	25.8954467062608	1.47939850950718
GPR37L1	Not-coupled	-	-	-	Class A Orphans	classA	19.6323113616212	25.5968708907226
CHRM4	Not-coupled	Not-coupled	Coupled	-	Acetylcholine receptors (muscarinic)	classA	-3.11838259379366	14.6220146704802
HTR7	Not-coupled	Coupled	-	-	5-Hydroxytryptamine receptors	classA	1.98861453110812	12.0906818737557
OPN4	Coupled	-	-	-	Class A Orphans	classA	-37.8806162052638	-15.2571541268221
GCGR	Not-coupled	-	Coupled	-	Glucagon receptor family	classB	-4.60643819347424	11.6513284216793
DRD5	Not-coupled	Not-coupled	Coupled	-	Dopamine receptors	classA	21.751318481696	8.46432582468433
ADRB1	Not-coupled	Not-coupled	Coupled	-	Adrenoceptors	classA	-39.17636735371	-10.4159739944757
CALCR	Coupled	-	Coupled	-	Calcitonin receptors	classB	-8.3827831390597	15.4307414707186
CNR1	Not-coupled	Not-coupled	Coupled	-	Cannabinoid receptors	classA	-8.1060712406244	12.2961431716477
HTR2A	Coupled	Not-coupled	Coupled	-	5-Hydroxytryptamine receptors	classA	21.3320652429275	31.9653153231706
GPR152	-	-	-	-	NA	classA	9.59587163057832	-12.2117350773063
RXFP3	Not-coupled	-	-	-	Relaxin family peptide receptors	classA	-37.8763369102675	-12.5827187221207
ADCYAP1R1	Coupled	Not-coupled	-	-	VIP and PACAP receptors	classB	-36.5698946847864	-16.0161752330534
GIPR	Not-coupled	Not-coupled	Coupled	-	Glucagon receptor family	classB	-0.757408494551512	15.343140980438
ADRA1A	Coupled	Not-coupled	Not-coupled	-	Adrenoceptors	classA	18.7922041748609	26.9891802178684
CHRM2	Coupled	Not-coupled	Coupled	-	Acetylcholine receptors (muscarinic)	classA	1.28623886875167	11.0453680166464
TACR3	Coupled	Not-coupled	-	-	Tachykinin receptors	classA	22.8518615137056	24.0377598421688
ADRA2A	Not-coupled	Not-coupled	Coupled	-	Adrenoceptors	classA	-37.8620061145332	-16.7689681680935
GLP1R	Not-coupled	-	Coupled	-	Glucagon receptor family	classB	27.8831120196976	0.618581514523263
GPR142	-	-	-	-	NA	classA	25.3031829312103	24.7043010038022
ADRA2C	Not-coupled	Not-coupled	Coupled	-	Adrenoceptors	classA	-38.2352600037858	-10.8525415985704
CALCRL	-	-	-	-	NA	classB	20.3162819614941	23.6194008287735
CHRM1	Coupled	Not-coupled	Coupled	-	Acetylcholine receptors (muscarinic)	classA	-5.65060767659385	15.1206868528363
HTR2C	Coupled	Coupled	Coupled	-	5-Hydroxytryptamine receptors	classA	-37.0777856739226	1.07714927487896
ADGRE4P	-	-	-	-	NA	classB	-39.2753331475596	-14.5947624680972
VIPR1	Coupled	-	Not-coupled	-	VIP and PACAP receptors	classB	7.09543350794603	15.9510114626326
GPR39	Coupled	-	Coupled	-	Class A Orphans	classA	4.4854477765887	16.0490201872088
GPR61	Not-coupled	-	-	-	Class A Orphans	classA	22.1928979650621	23.5002529624816
ADRA2B	Not-coupled	Not-coupled	Coupled	-	Adrenoceptors	classA	10.2337605422817	10.6010179344762
CCKBR	Coupled	Coupled	-	-	Cholecystokinin receptors	classA	-5.77120515451903	11.2919656963355
DRD1	Not-coupled	Not-coupled	Coupled	-	Dopamine receptors	classA	14.4036817921789	22.1789832170326
NPY5R	Not-coupled	-	Coupled	-	Neuropeptide Y receptors	classA	20.6911739376728	20.9875241306905
HRH3	Not-coupled	Not-coupled	-	-	Histamine receptors	classA	5.77520677592585	10.1226797784261
HCRTR2	Coupled	Not-coupled	Coupled	-	Orexin receptors	classA	-41.1268142408038	-11.8301010742763
CRHR1	Coupled	-	Coupled	-	Corticotropin-releasing factor receptors	classB	24.0183899840717	20.6081722471282
DRD2	Not-coupled	Not-coupled	Coupled	-	Dopamine receptors	classA	26.0578825241263	2.74464344987786
EDNRB	Coupled	Coupled	-	-	Endothelin receptors	classA	-20.6309511075886	27.1085863671509
GPRC5C	-	-	-	-	NA	classC	-39.2797459940487	-16.2971627402696
SCTR	Not-coupled	-	-	-	Glucagon receptor family	classB	3.1968587574408	16.30550124374
HTR6	Coupled	Not-coupled	-	-	5-Hydroxytryptamine receptors	classA	-40.8009301684802	-15.8616850145734
VIPR2	Not-coupled	-	-	-	VIP and PACAP receptors	classB	15.7953039155641	-20.2268272588696
GPR150	-	-	-	-	NA	classA	5.25380433027039	-22.6982147568996
GPR22	Not-coupled	-	-	-	Class A Orphans	classA	5.39195200546159	8.29117764233735
QRFPR	Coupled	-	-	-	QRFP receptor	classA	2.42445565231903	7.51135987250151
NPFFR1	Not-coupled	Not-coupled	Coupled	-	Neuropeptide FF/neuropeptide AF receptors	classA	9.29289600648322	9.80499421356472
CCKAR	Coupled	Coupled	Coupled	-	Cholecystokinin receptors	classA	9.98224166065232	4.9591293718212
EDNRA	Coupled	Coupled	Coupled	-	Endothelin receptors	classA	9.03195994959574	12.4424256822859
NMUR1	Coupled	Not-coupled	-	-	Neuromedin U receptors	classA	6.50886849796414	10.6328661221576
HCRTR1	Coupled	Coupled	-	-	Orexin receptors	classA	5.27539779786086	-16.8113610737797
F2R	-	Coupled	Coupled	-	NA	classA	-6.47302992215929	2.52717830542117
AVPR1B	Coupled	Not-coupled	-	-	Vasopressin and oxytocin receptors	classA	-18.8192189385795	-2.77275234249474
OXER1	Not-coupled	-	-	-	Leukotriene receptors	classA	3.92271797055091	9.65704438008344
GPR83	-	-	-	-	NA	classA	-40.91704016617	-16.7370332218342
GHRHR	Not-coupled	-	-	-	Glucagon receptor family	classB	21.0485133869759	3.21265860238775
MCHR1	Coupled	Not-coupled	-	-	Melanin-concentrating hormone receptors	classA	26.2320963776326	21.0217294489539
HTR1A	Not-coupled	Not-coupled	Coupled	-	5-Hydroxytryptamine receptors	classA	-5.84788619095162	25.2371833403785
GPR151	-	-	-	-	NA	classA	25.2279735779826	26.5669182710517
DRD4	Not-coupled	Not-coupled	-	-	Dopamine receptors	classA	14.690464905309	-7.3500777273929
GPR63	-	-	-	-	NA	classA	7.93582648305261	14.0019308155875
NTSR1	Coupled	-	-	-	Neurotensin receptors	classA	19.0703312002392	0.630196968507309
SSTR3	Coupled	Not-coupled	-	-	Somatostatin receptors	classA	-6.97199392182346	3.16445936011376
AVPR1A	Coupled	Not-coupled	Coupled	-	Vasopressin and oxytocin receptors	classA	30.6914538331825	-6.19626616501914
GPR137	-	-	-	-	NA	Other	9.63531095028296	12.9392578902189
NMUR2	Coupled	Coupled	-	-	Neuromedin U receptors	classA	8.16317248028871	6.24019011643136
GPR19	-	-	-	-	NA	classA	-6.45598490182213	10.6281686895877
ADRB2	Not-coupled	Not-coupled	Coupled	-	Adrenoceptors	classA	12.0548858861674	10.8431707471572
MLNR	Coupled	Not-coupled	-	-	Motilin receptor	classA	-1.61782908695968	12.296113316842
ADORA2A	Coupled	Not-coupled	Not-coupled	-	Adenosine receptors	classA	-40.1450409625228	-11.1417749822093
CRHR2	Coupled	-	Coupled	-	Corticotropin-releasing factor receptors	classB	6.80680455609143	13.3744838041733
NTSR2	Coupled	-	-	-	Neurotensin receptors	classA	19.8965847598825	8.73889053203502
ADRB3	Not-coupled	Not-coupled	-	-	Adrenoceptors	classA	-0.240583991275773	9.55290950192619
TACR1	Coupled	Not-coupled	-	-	Tachykinin receptors	classA	-11.3377502452423	1.889731189769
GPR143	-	-	-	-	NA	Other	8.93203908020443	-1.11497995567703
GPR182	-	-	-	-	NA	classA	-19.6684604678471	26.1828043955793
GPRC5B	-	-	-	-	NA	classC	-19.3289979868931	-5.89294270162566
PTGER1	Coupled	Not-coupled	Not-coupled	-	Prostanoid receptors	classA	5.04396859487005	-12.3639909875631
OPN3	-	-	-	-	NA	classA	25.4402907382431	19.6397957790435
DRD3	Not-coupled	Not-coupled	-	-	Dopamine receptors	classA	13.6185199450099	3.93946785466833
OPRM1	Coupled	Not-coupled	Coupled	-	Opioid receptors	classA	7.77656477652153	4.47034954073569
BRS3	Coupled	-	-	-	Class A Orphans	classA	0.3125977953432	9.47628130229016
TACR2	Coupled	Not-coupled	-	-	Tachykinin receptors	classA	11.1087262198324	14.7595456124772
TRHR	Coupled	-	-	-	Thyrotropin-releasing hormone receptors	classA	18.6292402884367	-17.8814719513646
S1PR5	Not-coupled	Not-coupled	-	-	Lysophospholipid (S1P) receptors	classA	14.9371813865901	9.53184614794158
KISS1R	Coupled	Not-coupled	-	-	Kisspeptin receptor	classA	1.98084361581689	-14.3633219905676
F2RL1	-	Coupled	Coupled	-	NA	classA	17.2180398403762	28.0948974855174
GPR84	Not-coupled	Not-coupled	Not-coupled	-	Class A Orphans	classA	-5.69922194613602	-5.70959012474409
PTGDR2	Not-coupled	-	-	-	Prostanoid receptors	classA	21.4498288079151	-8.32078063951535
PROKR1	Coupled	-	-	-	Prokineticin receptors	classA	18.5461710970915	3.45881668318905
SSTR1	Not-coupled	Not-coupled	-	-	Somatostatin receptors	classA	-0.83349839997067	-4.55231042881669
BDKRB2	Coupled	Coupled	Coupled	-	Bradykinin receptors	classA	-14.9899978859457	-4.32882278496566
PTGER3	Coupled	Not-coupled	Not-coupled	-	Prostanoid receptors	classA	19.9597391453669	19.2202351533039
HRH4	Not-coupled	Not-coupled	-	-	Histamine receptors	classA	8.18048487132104	3.90359701194853
NMBR	Coupled	Not-coupled	-	-	Bombesin receptors	classA	27.1098748002483	17.5972890674239
HTR1B	Not-coupled	Not-coupled	Coupled	-	5-Hydroxytryptamine receptors	classA	-7.44191278018516	0.228281449188422
OXTR	Coupled	Not-coupled	Coupled	-	Vasopressin and oxytocin receptors	classA	13.0248314274688	9.31958377094141
UTS2R	Coupled	Coupled	-	-	Urotensin receptor	classA	17.7027148956762	3.96733809618576
SSTR4	Not-coupled	Not-coupled	-	-	Somatostatin receptors	classA	-2.85790733071941	7.60839686185929
HTR4	Not-coupled	Not-coupled	-	-	5-Hydroxytryptamine receptors	classA	-3.19640660483716	-8.29513069786291
HCAR3	Not-coupled	-	Coupled	-	Hydroxycarboxylic acid receptors	classA	15.8454410073817	8.06475707018968
GALR2	Coupled	Coupled	-	-	Galanin receptors	classA	-11.2729399114164	-2.42910868468022
PTGIR	Coupled	Not-coupled	-	-	Prostanoid receptors	classA	8.3503366325259	-18.1906867045808
F2RL3	-	Not-coupled	-	-	NA	classA	20.2131379525147	-18.2305620246789
S1PR4	Not-coupled	-	-	-	Lysophospholipid (S1P) receptors	classA	5.74779228593658	2.97438324402577
NPY1R	Not-coupled	-	Coupled	-	Neuropeptide Y receptors	classA	9.00125625762494	3.43421733189407
GRPR	Coupled	Not-coupled	-	-	Bombesin receptors	classA	17.3778401041373	-22.5126493587733
GPR88	-	-	-	-	NA	classA	7.31576494220998	-8.47060522990086
ACKR2	-	-	-	-	NA	classA	21.7315965316712	-8.37658512798005
PROKR2	Coupled	-	-	-	Prokineticin receptors	classA	21.3863881506942	-15.7561178794954
S1PR1	Not-coupled	Not-coupled	Coupled	-	Lysophospholipid (S1P) receptors	classA	4.6392632810475	3.79893211561179
NPY2R	Coupled	-	-	-	Neuropeptide Y receptors	classA	-4.69180323349742	-22.1346859494854
GPR34	Not-coupled	Not-coupled	-	-	Class A Orphans	classA	-6.0674611951584	-8.70433483637501
GPR132	Not-coupled	Coupled	-	-	Class A Orphans	classA	5.91902520318581	-1.49365277322894
APLNR	Not-coupled	Not-coupled	Coupled	-	Apelin receptor	classA	14.2690483103662	3.15508756296335
OPRK1	Not-coupled	Not-coupled	Coupled	-	Opioid receptors	classA	0.870102008029191	-5.26789058846319
CCR7	Not-coupled	-	-	-	Chemokine receptors	classA	-17.9222950529732	-29.7575209222959
MAS1L	-	-	-	-	NA	classA	20.4859694327535	-15.4658070115519
S1PR3	Coupled	Coupled	-	-	Lysophospholipid (S1P) receptors	classA	28.5053378054566	17.9024622779575
HTR1D	Not-coupled	Not-coupled	Not-coupled	-	5-Hydroxytryptamine receptors	classA	-5.3300553829747	-12.588446954965
P2RY2	Coupled	Coupled	Coupled	-	P2Y receptors	classA	18.7506241112261	13.6908106681007
GPR27	Coupled	-	-	-	Class A Orphans	classA	4.72244249157803	4.76663090559141
NPY4R	Coupled	-	-	-	Neuropeptide Y receptors	classA	-0.159092856398046	-1.29325090780141
GPER1	Not-coupled	-	-	-	G protein-coupled estrogen receptor	classA	-15.0336038670192	-12.4195954302451
P2RY11	Coupled	Coupled	-	-	P2Y receptors	classA	0.696359866367938	-4.3452710624733
CCR6	Not-coupled	-	Coupled	-	Chemokine receptors	classA	7.35016098025765	-12.4797899509986
RXFP4	Not-coupled	-	-	-	Relaxin family peptide receptors	classA	6.26088951799345	-4.97241268427602
CCR2	Not-coupled	-	-	-	Chemokine receptors	classA	4.07463821492938	-15.9037798797984
F2RL2	-	Coupled	-	-	NA	classA	18.4621870384023	15.226947860452
GPR173	-	-	-	-	NA	classA	-1.69733594055439	-11.696932732509
P2RY1	Coupled	Coupled	-	-	P2Y receptors	classA	4.77613749013556	-8.47562952126691
CMKLR1	Not-coupled	-	-	-	Chemerin receptor	classA	29.8410954589578	-6.31648421857241
TPRA1	-	-	-	-	NA	Other	15.9848007161838	3.49944413621566
OPRD1	Not-coupled	Not-coupled	Coupled	-	Opioid receptors	classA	-7.01026869721616	-10.8962577132746
LPAR5	Coupled	Not-coupled	-	-	Lysophospholipid (LPA) receptors	classA	14.2818349933213	-5.39127760039964
GPR45	-	-	-	-	NA	classA	12.8440386820149	-13.6477908846392
CXCR5	Not-coupled	-	Coupled	-	Chemokine receptors	classA	-8.75756037489082	6.53896729541355
NPSR1	Coupled	-	-	-	Neuropeptide S receptor	classA	-8.16742281656463	0.769529220754638
AVPR2	Not-coupled	Not-coupled	-	-	Vasopressin and oxytocin receptors	classA	-6.64056836737829	-18.0750285691801
LPAR4	Coupled	Coupled	-	-	Lysophospholipid (LPA) receptors	classA	14.5708520738197	-3.96752813323559
PRLHR	-	Not-coupled	-	-	NA	classA	14.5152266678766	2.04348984867092
OPRL1	Not-coupled	Not-coupled	Coupled	-	Opioid receptors	classA	18.4381741029483	15.8870668704186
GPR85	-	-	-	-	NA	classA	17.9429820737746	0.508816815920783
SSTR2	Coupled	Not-coupled	Coupled	-	Somatostatin receptors	classA	0.988546806385893	-3.38005570344608
CCR9	Not-coupled	-	-	-	Chemokine receptors	classA	17.140827760478	9.0101351705611
GALR3	Not-coupled	Not-coupled	-	-	Galanin receptors	classA	12.496845279838	-14.4028464549759
CXCR3	Not-coupled	-	-	-	Chemokine receptors	classA	13.8082766671423	-21.3971193233023
GPR62	-	-	-	-	NA	classA	-7.9016896848202	-9.47650448070977
GPR17	Coupled	Not-coupled	-	-	Class A Orphans	classA	27.7296955211015	20.3987857162393
HTR1F	Not-coupled	Not-coupled	-	-	5-Hydroxytryptamine receptors	classA	0.927114539832121	-9.4490477015511
GHSR	Coupled	Coupled	Coupled	-	Ghrelin receptor	classA	-10.3750673875937	-11.3707186284509
GPR68	Coupled	-	Coupled	-	Class A Orphans	classA	28.5039623567783	19.277694630616
HTR1E	Not-coupled	Not-coupled	-	-	5-Hydroxytryptamine receptors	classA	-6.9895909071991	-13.1151645177574
P2RY4	Coupled	Coupled	-	-	P2Y receptors	classA	17.7711697996798	2.43742058665244
SSTR5	Coupled	Not-coupled	-	-	Somatostatin receptors	classA	-3.66447056794863	20.8209102336497
OPN1LW	-	-	-	-	NA	classA	22.0228901052098	-14.1644616269886
LPAR1	Coupled	Coupled	Coupled	-	Lysophospholipid (LPA) receptors	classA	19.2473081904545	-3.66647003665233
OPN1MW	-	-	-	-	NA	classA	-3.29019876037734	-8.71956886318018
HCAR2	Not-coupled	-	Coupled	-	Hydroxycarboxylic acid receptors	classA	-16.472574343333	2.76373568862746
GPR78	Not-coupled	-	-	-	Class A Orphans	classA	5.10541066130991	-10.1231417532249
AGTR2	Not-coupled	-	-	-	Angiotensin receptors	classA	0.0920806710463411	5.58965938501814
MTNR1B	Not-coupled	Not-coupled	Not-coupled	-	Melatonin receptors	classA	-11.9278738598564	-11.9771829056165
GPR4	Coupled	-	Not-coupled	-	Class A Orphans	classA	-25.7033306273818	9.8494026939408
GPR6	Not-coupled	-	-	-	Class A Orphans	classA	12.1091560796406	-17.3956048620696
CCR10	Not-coupled	-	-	-	Chemokine receptors	classA	3.60001633100915	-4.54293793958833
ACKR3	-	-	-	-	NA	classA	-10.5044766330316	6.79891087593759
GPR52	-	-	-	-	NA	classA	-5.74950436215325	-18.1650318020188
GPR183	Not-coupled	Not-coupled	Coupled	-	Class A Orphans	classA	11.4397879345923	-16.8235447140558
GPR25	-	-	-	-	NA	classA	-4.11593415205342	-2.36535798760557
FFAR4	Coupled	Not-coupled	-	-	Free fatty acid receptors	classA	3.11782777176197	-3.17573127225912
GPR15	-	-	-	-	NA	classA	6.38145677257606	-7.28609124770747
CCR4	Not-coupled	-	-	-	Chemokine receptors	classA	18.6220350710096	-14.6154686882711
CNR2	Not-coupled	Not-coupled	Coupled	-	Cannabinoid receptors	classA	13.7824132902543	-11.2871529018347
CXCR2	Not-coupled	-	Coupled	-	Chemokine receptors	classA	-14.3216167240682	-7.28804246086303
PTGDR	Not-coupled	Not-coupled	-	-	Prostanoid receptors	classA	-7.97318211007649	-6.63950101159374
P2RY8	-	-	-	-	NA	classA	-3.95086936697178	8.88254692082859
HRH2	Coupled	Not-coupled	Coupled	-	Histamine receptors	classA	3.10678063625361	-6.97255232877398
AGTR1	Coupled	Coupled	Coupled	-	Angiotensin receptors	classA	-14.9537453358111	-3.29193886598269
PTGFR	Coupled	Not-coupled	Not-coupled	-	Prostanoid receptors	classA	10.7700965046786	-23.1397105037802
LTB4R2	Coupled	Not-coupled	Not-coupled	-	Leukotriene receptors	classA	-4.43891629282842	-21.2178001469928
GPR87	-	-	-	-	NA	classA	-8.43421505829889	-8.2521374933015
GPR20	Not-coupled	-	-	-	Class A Orphans	classA	-13.5014384138642	-5.55222555224267
PTGER2	Not-coupled	Not-coupled	Coupled	-	Prostanoid receptors	classA	-19.6260051195622	26.8256301965124
GPRC5A	-	-	-	-	NA	classC	28.4168537156188	17.1394628735641
HTR5A	Coupled	-	-	-	5-Hydroxytryptamine receptors	classA	2.42351231320415	-11.4684655641271
GPR32	-	-	-	-	NA	classA	9.83353265532029	-5.39010318192156
CX3CR1	Not-coupled	-	-	-	Chemokine receptors	classA	9.328957519749	-7.35633555575886
CCR3	Not-coupled	-	-	-	Chemokine receptors	classA	8.51445747100317	-6.89513573478871
CCR1	Not-coupled	-	-	-	Chemokine receptors	classA	8.7053183584276	-9.59775065721938
CMKLR2	-	-	-	-	NA	classA	3.11964687030252	-5.72574968268086
CCR8	Not-coupled	-	-	-	Chemokine receptors	classA	-3.30537699220671	-24.354621997598
P2RY13	Not-coupled	Coupled	-	-	P2Y receptors	classA	-5.54353668693373	22.4856164279932
OPN5	Not-coupled	-	-	-	Class A Orphans	classA	21.1945934395794	-13.7916994308351
LPAR3	Coupled	Coupled	-	-	Lysophospholipid (LPA) receptors	classA	-8.92908732872762	-5.08461987493489
GPR139	Coupled	-	-	-	Class A Orphans	classA	7.16196845033217	-11.1451540726796
BDKRB1	Coupled	Coupled	Not-coupled	-	Bradykinin receptors	classA	-2.78214518771852	25.9096903966088
FPR3	Not-coupled	-	-	-	Formylpeptide receptors	classA	19.7800691984727	-16.2419209707728
S1PR2	Coupled	Not-coupled	-	-	Lysophospholipid (S1P) receptors	classA	10.138638608808	-23.4210011475609
LTB4R	Coupled	Not-coupled	Coupled	-	Leukotriene receptors	classA	7.09401853440178	-5.75524274805012
CCR5	Not-coupled	-	Coupled	-	Chemokine receptors	classA	5.33525756355059	-2.88152872524246
CXCR4	Not-coupled	-	Not-coupled	-	Chemokine receptors	classA	-17.5448417356875	14.6270420752421
TAAR2	Not-coupled	-	-	-	Class A Orphans	classA	22.6428892162073	-16.5074443338226
LPAR2	Coupled	Coupled	Coupled	-	Lysophospholipid (LPA) receptors	classA	-2.959303355335	26.7104286031161
FPR2	Coupled	Not-coupled	-	-	Leukotriene receptors	classA	-0.567573469999004	5.38447769927193
MTNR1A	Coupled	Not-coupled	Coupled	-	Melatonin receptors	classA	-2.88045660967968	27.6004354456842
FPR1	Not-coupled	Not-coupled	-	-	Formylpeptide receptors	classA	13.4083869990197	-10.8267324602163
CXCR1	Coupled	-	-	-	Chemokine receptors	classA	2.27412989593461	-10.1360429228499
C5AR1	Coupled	-	Coupled	-	Complement peptide receptors	classA	-0.106778649154867	-7.26044702099161
ACKR4	-	-	-	-	NA	classA	12.4121654460077	0.456013663113264
GALR1	Not-coupled	Not-coupled	-	-	Galanin receptors	classA	-11.1027168459766	6.81133891724754
GPR21	Not-coupled	-	-	-	Class A Orphans	classA	-7.6431549378044	22.569610590935
RHO	-	-	-	-	NA	classA	-7.00167018509816	22.4927087653295
OPN1SW	-	-	-	-	NA	classA	-17.2301237801242	11.2536411190129
TAAR9	-	-	-	-	NA	classA	-14.6276728025653	-9.42963008276511
GPR148	-	-	-	-	NA	classA	-15.9535173510875	-21.42338070081
GPR42	Not-coupled	-	-	-	Free fatty acid receptors	classA	-4.6805669301164	-9.39456905575337
HCAR1	Not-coupled	-	-	-	Hydroxycarboxylic acid receptors	classA	-15.7556958228531	-21.2629687725134
FFAR3	Not-coupled	Not-coupled	Not-coupled	-	Free fatty acid receptors	classA	-1.09014579849848	-13.8502208662984
CYSLTR2	Coupled	Not-coupled	Coupled	-	Leukotriene receptors	classA	-18.4008739825796	27.3181305455018
GPRC5D	-	-	-	-	NA	classC	-17.0825166324361	12.0583645288353
TAAR6	Not-coupled	-	-	-	NA	classA	-7.21988229991708	-16.9624067846364
LPAR6	Not-coupled	Not-coupled	-	-	Lysophospholipid (LPA) receptors	classA	8.42573355162615	-4.07599148745505
CCRL2	-	-	-	-	NA	classA	-17.9548029713102	15.3914680479355
TAAR3P	-	-	-	-	NA	classA	-17.0572347049157	-28.5288694083355
MRGPRF	-	-	-	-	NA	classA	-16.2620727082031	-5.90922751595937
TBXA2R	Coupled	Not-coupled	-	-	Prostanoid receptors	classA	4.96683541591669	-6.55324221470156
CXCR6	Not-coupled	-	-	-	Chemokine receptors	classA	-1.62175528200338	-24.1442435159097
P2RY12	Not-coupled	Not-coupled	-	-	P2Y receptors	classA	-18.0520667579108	12.0816914610371
TAAR8	-	-	-	-	NA	classA	-2.07446774546217	-17.9098731355532
PTAFR	Coupled	Coupled	-	-	Platelet-activating factor receptor	classA	2.65963561161469	1.54538136740631
MCHR2	Coupled	Coupled	-	-	Melanin-concentrating hormone receptors	classA	-3.57318929655702	-13.6288795106829
P2RY10	-	Not-coupled	-	-	NA	classA	-16.0387551095341	14.5127895605303
TAAR1	Coupled	-	-	-	Trace amine receptor	classA	2.32620972477362	-19.7899947326959
GPR160	-	-	-	-	NA	classA	-2.28017819841746	-23.4018204598451
P2RY14	Not-coupled	Not-coupled	-	-	P2Y receptors	classA	-8.67865287803319	-19.5376820472611
OXGR1	Coupled	Not-coupled	-	-	Oxoglutarate receptor	classA	-10.8444232118087	-13.0890003062571
GPR65	Not-coupled	-	Not-coupled	-	Class A Orphans	classA	-15.9688798208419	3.15374980770381
GPR26	Not-coupled	-	-	-	Class A Orphans	classA	-2.96000607162488	-18.6222997245286
CYSLTR1	Coupled	Coupled	Coupled	-	Leukotriene receptors	classA	9.19862471573784	-15.4275747897115
C5AR2	Not-coupled	-	-	-	Complement peptide receptors	classA	-15.1921086620139	13.8206568086584
TAAR5	-	-	-	-	NA	classA	1.65274372796642	-24.8672387315259
GPR82	-	-	-	-	NA	classA	-21.5861105131766	-12.0742549050165
ACKR1	-	-	-	-	NA	classA	-10.6529795983506	1.68407128174455
GPR157	-	-	-	-	NA	classB	-14.6706484547199	-1.60103986918115
GPR119	Not-coupled	Not-coupled	-	-	GPR18, GPR55 and GPR119	classA	-24.6676041293621	8.87194868797622
GPR12	Not-coupled	-	-	-	Class A Orphans	classA	0.984874938052856	-18.3357383475281
SUCNR1	Coupled	-	-	-	Succinate receptor	classA	2.74644922160515	-0.357133375544897
GPR33	Not-coupled	-	-	-	Class A Orphans	classA	-19.1896954004333	-12.0945368733728
GPR146	-	-	-	-	NA	classA	13.9216576316524	-1.2712378310444
NPBWR2	Not-coupled	-	-	-	Neuropeptide W/neuropeptide B receptors	classA	-0.740824948029848	-16.9202237130994
GPR174	-	Not-coupled	-	-	NA	classA	11.158986921289	-8.50129067564738
XCR1	Not-coupled	-	-	-	Chemokine receptors	classA	-23.5356056616772	3.86750877394123
MC4R	Not-coupled	Not-coupled	Coupled	-	Melanocortin receptors	classA	-14.6105923675946	4.99789621469
ADORA2B	Coupled	Not-coupled	Not-coupled	-	Adenosine receptors	classA	-2.02374931469807	-16.5316633845388
GPR18	Coupled	-	-	-	GPR18, GPR55 and GPR119	classA	-12.2767371141177	-30.9710061601845
MRGPRX2	Coupled	Coupled	-	-	Class A Orphans	classA	-15.2452717062148	-19.7538994561272
FFAR2	Coupled	Coupled	Not-coupled	-	Free fatty acid receptors	classA	-25.4658995579105	8.51778882353628
GPR3	Not-coupled	-	-	-	Class A Orphans	classA	-17.6722541892375	-9.9249312657743
GPBAR1	Not-coupled	-	Not-coupled	-	Bile acid receptor	classA	-12.39136276687	-15.8387583980005
P2RY6	Coupled	Coupled	-	-	P2Y receptors	classA	-12.7306881974998	10.5889508223502
GNRHR	Coupled	Not-coupled	Not-coupled	-	Gonadotrophin-releasing hormone receptors	classA	14.2346386791626	-2.29882483815189
NPBWR1	Not-coupled	Not-coupled	-	-	Neuropeptide W/neuropeptide B receptors	classA	-1.60918993104398	3.4934522112306
ADORA1	Coupled	Not-coupled	Coupled	-	Adenosine receptors	classA	-23.4571385922123	4.9668218596225
MC5R	Not-coupled	Not-coupled	-	-	Melanocortin receptors	classA	-13.7424756817788	-25.0206160764556
MAS1	Coupled	-	-	-	Class A Orphans	classA	-23.3764102640893	5.66245667483889
MC3R	Not-coupled	Coupled	Coupled	-	Melanocortin receptors	classA	-14.0932553303539	-29.5565428469088
MRGPRX4	Coupled	-	-	-	Class A Orphans	classA	-13.6045333613265	-30.4412117206728
MRGPRX3	Coupled	-	-	-	Class A Orphans	classA	-12.9296862498853	-29.7724354654783
MRGPRX1	Coupled	Coupled	-	-	Class A Orphans	classA	-13.2348593174831	-28.1293353844665
MRGPRD	Coupled	-	-	-	Class A Orphans	classA	-4.73673113787587	-3.32131537853401
GPR31	Not-coupled	-	-	-	Class A Orphans	classA	-9.36871851600226	-14.9268299165582
GPR55	Coupled	Not-coupled	-	-	GPR18, GPR55 and GPR119	classA	-1.33886722162425	-22.0468877862945
GPR171	-	-	-	-	NA	classA	-2.46592778928031	2.67748574935447
ADORA3	Not-coupled	Not-coupled	Not-coupled	-	Adenosine receptors	classA	-25.1029489864177	4.92818700456575
MC1R	Not-coupled	Not-coupled	-	-	Melanocortin receptors	classA	-15.968830997722	-28.0840008109525
MRGPRE	-	-	-	-	NA	classA	-10.6204054068897	-15.283778469676
GPR35	-	Not-coupled	-	-	NA	classA	1.04711200966773	-21.6968659036246
GPR141	-	-	-	-	NA	classA	-16.0833060556018	-13.397699542138
FFAR1	Coupled	Not-coupled	-	-	Free fatty acid receptors	classA	-21.9150424247919	4.87452158439562
MC2R	Not-coupled	-	-	-	Melanocortin receptors	classA	-5.22515100499116	5.90038576222764
GNRHR2	-	-	-	-	NA	classA	-10.2723452486926	-20.6492367268963
NPY6R	-	-	-	-	NA	classA	-18.4912632558846	-26.5414194271574
